bibo:identifier,dcterms:title,pi:inscription2,pi:inscription1,pi:series,pi:title_eu,pi:we_title,pi:hf_desc,pi:collezione,pi:sign_ecc
06458177-3475-4f4f-ace1-a16d751b42b9,"Pianta di Roma disegnata colla situazione di tutti i Monumenti antichi, de'quali in oggi ancora se ne vedono gli avanzi, ed illustrata colli Frammenti di marmo della Pianta di Roma antica.",,,,,,,,
ca4bd6e3-79ea-4e66-ab67-9f9d0eca1d8d,,"1. Avanzi della Casa di Tito, quali s'internano col primo Piano.<BR>2. Cordonata al Piano superiore.<BR>3. Piazza della Palestra<BR>4. Abbaini, che portano il lume a Bagni, e Corridoj.<BR>5. Cella Soleare con Vestiboli, Atrj, Tablini, Sisto, Cavedj, Esedre per ìFilisofi, e Bagno per gl'Atleti.<BR>6. Bagno degl'Atleti.<BR>7. Portico innanzi al Teatro.<BR>8. Teatro.<BR>9. Emicicli per uso de Filosofi, e della Gioventù, che in essi s'esercitavano, con stanze per riporre le lor vesti, ed i stili necessarj.<BR>10. Tiepidario, detto le Sette Sale.<BR>11. Ponte, per mezzo del quale si passava all'altre Fabriche, come vedremo in appresso.",,,,,,,
8c0acb5e-0967-4564-90af-52fc41a75d28,,,"PIANTA delle Terme di Diocleziano.  Il primo loro piano fu riempiuto di scarichi delle rovine di una parte delle fabbriche del piano superiore, le quali, perchè minacciavano rovina, furon fatte demolire da Sisto V. La tinta più nera indica gli avanzi ch'ﾊesistono, e la più leggiera il supplimento da me fattovi come nelle altre tavole. 1. Argine di Tarquinio al pari di questo piano. 2. Strada selciata che porta ai tre ingressi delle Terme. 3. Vestibolo. 4. Portico, il quale circondava la gran piazza, e conduceva agl'ingressi della Palestra. 5. Vestiboli degli atrj. 6. Tablini. 7. Atrj del Sisto scoperti. 8. Magnifico e vastissimo Sisto, diviso in tre portici, e maggiore di tutti tra le Terme. 9. Luoghi ove si prepparavano gli Atlenti, e gli altri che si esercitavano nel Sisto. 10. Cave di scoperti per dar lume à portici della Palestra. 11. Atrio della Palestra, overo Dieta per uso di chi veniva da questa parte. 12. Stanza degli Atleti con bagno. 13. Alveo, o fossa. 14. Fornelli per riscaldare la stanza predetta. 15. Accademie. 16. Esedre a similitudine di portici per ricovero del Popolo. 17. Area con sedili in prospetto per comodo degli spettatori dè giuochi. 18. Portico che circondava i sedili suddetti fabbricato in maggior elevazione dè medesimi. 19. Biblioteca greca. 20. Biblioteca latina l' una e l' altra fatte quivi trasportare da Diocleziano dal Foro di Traiano. 21. Diversi emicicli, o accademie per uso dè letterati. 22. Luoghi ove s' esercitava la gioventù. 23. Luoghi per riporvi gli strumenti necessari e le vesti degli Atleti e per abitazione degli ufiziali. 24. Abbaini per dar lume al piano inferiore.  25. Tepidario delle Terme. 26. Tempio d' Es' culapio.<BR>27. Tempio della Salute.<BR><BR><BR>",,,,,,
a449fbbb-b265-4c52-a0d3-b394367057c4,,,"Si dimostrano più in grande le Parti principali dell'antecedente Sepolcro d C. Poblicio etc. A Bassamento composto di grossi Travertini, dal tempo, e dagl'incendj corroso, e guasto, sopra cui leggesi l'Iscrizione tale quale si trova al presente, fedelmente copiata la Forma delle Lettere ancora. B Buco, o Finestra fatta ne'tempi posteriori. C Parte angolare, nella quale si fa vedere uno de'Pilastri del Sepolcro. Egli si rende osservabile particolarm.te per essere fusato da poco più sotto la metàsino al Collarino a modo di Colonna. Il diminuire in tal maniera i Pilastri fu comunem.te usato dagli Antichi, et in ispezie, quando dinanzi a quelle porre si doveano delle Colonne, avuta però buona considerazione tanto al sito, quanto alla grandezza dell'Opera. Si veggono tuttavia molti Edifizj antichi, ne'quali ciò non fu praticato, e pertanto il farlo, o non farlo, resta in arbitrio d'ognuno. D La Superficie di questa Parete, trapposta a'Pilastri, (siccome ancora l'altra verso l'altro angolo) da poco più sotto la metàsino all'Architrave tiene la medesima declinazione de'Pilastri a guisa di scarpa: il che meglio apparisce nello Spaccato, E, nel quale si vede la linea superficiale, F, paralella alla linea del Pilastro, G. H Altro Spaccato, il quale dimostra la superficie a linea retta perpendicolare della Parete tra i due Pilastri di mezzo; la quale superficie, quantunque diversa da quella delle Pareti verso gli angoli, pure non ostante tal diversitàsull'Opera resta insensibile, ed anzi grata agli occhi de'riguardanti. Osservasi di più la Base de'Pilastri, formata non secondo le regole di Vitruvio, il quale assegna per altezza alla Base de'Tmpj Toscani la metà del diametro della Colonna: qui ella viene ad essere poco più di un terzo, così,  per mio avviso, determinato dal valente Architetto in questa tale Fabbrica(lo stesso fu fatto nell'altra Fabbrica sepolcrale dirimpetto alla Chiesa di S. Sebastiano fuori della Mura) atteso il Tutto insieme dell'Opera per aggiugnere maggior digntà, e gravitàalla medesima. Perció non sempre si dee stare alle regole di Vitruvio, qual legge inalterabile; Poiché se si faràosservazione sopra i Monumenti antichi, si troveràuna gran varietà di Proporzione, le quali, parlando de'Monumenti più insigni in architettura, si conoscono dirette sempre dalle circostanze del sito, e delle stesse Fabbriche, come spiegherò nell'Opera mia di Archit.ra",,,,,,
953c7170-cc87-4edf-a715-2c66f1e6c9a6,,,"Ornamenti di Stucco, esistenti nella Volta della Stanza Sepolcrale di L. Arrunzio<br><br>Le linee A B C dimostrano una quarta degli Ornamenti della detta Volta, la quale viene scompartita per mezzo di una ben'ordinata Cornice in diverse riquadrature, annesse, e corrispondenti tra loro con maravigliosa simetria, e proporzione. La Cornice di mezzo-rilievo è composta di cinque membretti, cioè di un bastone, due listelli, e due tondini, come distintamente si vede nella Modinatura D; poichè l'altra Modinatura E dinota la Cornice del tondo B, che sta nel mezzo della Volta. Dentro le riquadrature veggonsi in basso rilievo di stucco figure diverse, rabeschi, e grotteschi con tutta l'isquisitezza, ed eccellenza d'arte lavorati, parte de'quali campeggiando in fondo bianco parte in finte pietre di varii colori, come nel Porfido a, nel Giallo antico b, nel Serpentino c; da un tondino parimente dintornate alleggieriscono mirabilmente la Volta, e rendono alla vista un'armonia gratissima. Tal che considerata la Volta tutta in se, e nelle parti, che l'adornano, può meritamente riputarsi per un perfetto modello nel suo genere, e come tale annoverarsi tra gli antichi monumenti più insigni. È notabile la sodezza, con cui è fabbricata, e la incrostatura, di cui è impellicciata; posciachè sepolta da tanti secoli sotto l'umido terreno di una vigna, e con piante di alberi sopra, pur tuttavia si conserva",,,,,,
445ee313-b7de-43bb-923f-74aad781b6a9,,,"CAMERA SEPOLCRALE  pochi passi distante da quella gia descritta della Famiglia di L. Arrunzio nella stessa vigna, scoperta l'anno 1736. Le Pareti contengono una diposizione di Colombaj, sotto ad alcuni de'quali sonovi le Iscrizioni coi nomi de'defonti. Negli altri Colombaj, ove quelle mancano, ne apparè segno alcune d'esservi state; si può credere, che non vi sia stato posto il cenere, come abbiamo osservato parim.te in altre stanze. Questa Camera senza iscrizione alcuna illustre, senza alcun vestigio di nobile ornamento pare, che sia stata fabbricata a comodo, e richiesta comune mediante un patuito prezzo. Il che si può agevolmente supporre anche dalla varietà de'nomi nelle brevi iscrizioni segnati, e dalle Arti ignobili in quelle espresse, tra quali si legge qeulla di un tal L. Aquilio Ciabattino. Vna nicchia sola più grande si osserva in mezzo di una parete, il restante sono tutti Colombaj in buona parte ricoperti dal terreno. Altre Camere a questa contigue, essendo mezzo rovinate, furono demolite del tutto; raccoltane però tra quelle rovine gran quantità di framenti di Casse, Sarcofaghi, Vasi, Vrne e d'altri funebri monumenti. ",,,,,,
7d48321f-accc-448f-8dd2-c73e4ed6ee72,,,"A Framm.to di Stucco, cavato dalla Volta d'un de'Nicchioni interni della Fabbr.ca sepolcrale vicino a Torre de'Schiavi. Egli è diviso da Scompartimenti in basso rilievo formati di un Orlo, ornato di Fusarolli infilati con ordine. Dentro agli Scompartim.ti veggonsi a grottesco varie spezie d'Animali e de'Fogliami. B Profilo della Modinatura degli Scompartim.ti. C Altri Scompartim.ti, i quali vedevansi gli anni passati nella Volta delle quattro Stanze angolari, oggi quasi affatto rovinate. Tale, e tanta è la varietà degli Ornam.ti nelle Fabbr.che posti dagli Antichi con gravità, e magnificenza, che sembra impossibile poter pensare cosa nuova in tal genere, et alle Fabbriche si bene, come essi, adattarla.",,,,,,
6e2e9ea7-3b9c-440e-93d5-a7ccb0038fd1,,"Il Sign.re Abate Venuti in alcuni fogli ultimamente stampati dopo l'edizione de' presenti Volumi, pretende e spiega, che il presente bassorilievo co' susseguenti della Tavola 35. rappresentino la restituzione di Criseide espostaci da Omero nel lib. 1, della Iliade. Riferisce in essi fogli le sottoposte mie relazioni che consistono in quelche comunemente si crede di una cosa tanto difficile da spiegarsi, affine di ricrederne il Pubblico, ma non vi fa veruna obiezione. Prima della produzione di questi stessi Volumi mi fece la finezza di avvertirmi della sua pretensione, ma fu da me riprovata per le troppo sensibili opposizioni che vi ritrovai, e che sono, il prender' egli degli uomini per delle donne: il far comparir Giunone a sedare il tumulto d'Achille, contro l'esposizione d'Omero dopo esserselo proposto per guida della sua spiegazione: il far fare diversi personaggi alle stesse figure esposte dallo Scultore nella presente faccia dell'Urna, e riportate poi ne'fianchi di essa; il prender de' simboli per istrumenti da sacrifizj, gli ornamenti dell'urna per simboli: ed altre molte e molte improprietàe contradizioni che non ho luogo di riferire, ma che ognuno può riconoscere colla visita del marmo e rilevare dalla lettura de' dd fogli. Usciti questi alla luce, ho veduto che il Sig.re Abate non è stato indotto a produrli che dallo spirito di rendersi singolare co'suoi bei trovati contro l'impulso della sua tacita riprovazione di quanto espone; imperocchè avendo percetta l'idea della restituzione di Criseide da un'apparenza di similitudine de'presenti bassirilievi a quei della villa Pinciana che si suppongono rappresentarla, non ne fa la minima menzione per non facilitare al Pubblico colla osservazione della diversità dell'uno e l'altro marmo, l'avvedersi della leggerezza della sua pretensione. Mi stupisco poi che avendo egli avuto tanto talento di produrre una indubitata dichiarazione de' bassirilievi che sono un'accessorio dell'urna, gli sia all'incontro mancato per dire a chi possino riferirsi le figure assise sulla stessa urna, che ne sono l'oggetto principale; e che si sia ristretto a riprovarne, non con altra ragione che del disprezzo, la rappresentazione di Alessandro Severo e Giulia Mammea, sin qui comunemente creduta per tanti motivi, i quali sono, la coincidenza di queste due figure convenientissime a Madre e Figlio, (benche il Sig.re Ab.e per render vecchio il maschio più della femmina, nella copia che n'espone si sia allontanato con una caricatura di barba e di rughe da come ce lo rappresenta il marmo) La precisa similitudine nel marmo non solo della testa del maschio alle medaglie di Alessandro Severo, ma altresì della femmina e sua acconciatura di capo alle medaglie di Mammea: concorrenza la quale esclude l'objezione della rassomiglianza casuale come ben riconobbe l'Eruditissimo Sig.re Abate Barthelemi, Antiquario di S. M. Cristianissima, che fu meco a fare il confronto di più e più di dette medaglie con esso marmo. Il lavoro de' bassirilievi che ci esprime la mediocre abilità de' professori della Scultura àtempi di questo Imperadore; e molti altri riflessi che tralascio nel vedermi obbligato alla brevità. Pretende inoltre il Sign.re Abate in fine de suoi fogli, che i bassirilievi del Vaso da me disegnato nelle seguenti Tavole 34, e 35. rappresentino il giudizio di Paride, ma l'assegnare per Venere un'uomo come ben distinguesi dal senso virile da me fedelmente ritrattato, e il non vedersi il pomo che dovrebbe essere il segno precipuo della pretesa rappresentazione: il prendere per un bastone il panno che tiene il supposto Paride colla sinistra: il dire, che la pretesa Venere lo guardi quando ella guarda all'opposto, e ch'ell'abbia una piccola tazza o conca, quando non v'è: l'aggiungere nel suo disegno le mammelle a questa figura per farla femmina e poi esclamare: chi non diràche qui si rappresenti Venere vincitrice di bellezza le altre Dee.i in somma l'alterare in copia i bassirilievi sono immaginaz.ni* e disaccortezze così sensibili, che non ci fannno vedere uno schiaritore delle Antichità, ma l' Impugnatore delle veritàle più conosciute delle medesime<br>*si veda la Tavola LVII, o sta ultima aggiunta al Tomo IV",,,,,,,
38bec45d-f2b4-424c-9205-02936b0a611e,,,"VEDUTA di un SEPOLCRO antico esistente in una Vigna per la str(a)da di Tivoli circa passi 50 discosto da Ponte Lugano. Questa massiccia machina è costruita di grossi travertini  e sostiene un bellissimo Piedestallo con Bassorilievo di buon maestro mutilato però e guasto dal tempo. Dentro contiene una stanza quadrata co'sua porta, e finestra. Si crede da taluno, che questo siàuno de i quattro gran Pilastri, che ornavano la magnifica entrata della rinomata Villa di Adriano Imperatore. In vero gli anni scorsi ne fù distrutto un'altro a questo vicino e poco disimile, di cui ancora se ne vede giacere l'avanzo de'travertini, che regevano il Bassorilievo, il quale ora si conserva a Villa Albani fuor di Porta Salara. Intanto o sia Pilastro, o sepolcro, com'è voce comune, consideratane l'Architettura Scultura e modinatura delle Cornici sembrami degno d'essere an(n)overato tra i più preziosi antich. mon.ti.",,,,,,
de311dea-87b6-4e01-97e1-688a84bcb370,,,"Iscrizione, e Frammenti delle Camere sepolcrali della Villa de Cinque<br><br>A Aghi di Avorio per le acconciature di capo delle Donne. B Stili di metallo per iscrivere sopra le Tavolette incerate, e per iscancellare occorrendo quello, che scritto vi era. C Spatola od altro consimile stromento, con cui levavansi da Vasi gli unguenti odorosi. D Scure di metallo di quelle forse, che ponevansi nell'insegne consolari. E Vasi cenerarj di terra cotta. F Coperchio de' medesimi. G Vasi di vetro per li Balsami, diformati dal fuoco degl' incendj. H Bottoni di metallo simili all'uso d'oggidì. I Vaso cenerario col suo coperchio, striato, di Alabastro orientale, fiorito, ed agatato di gran preggio, alto palmi due, e mezzo incirca. Ora si conserva presso degl'Illus.mi SS. ri de Cinque possessori della Villa. K Parte di una Volta delle Camere, segnate A. Ella era di forma angolare, distribuita in varj scompartim.ti ornati di pitture, e stucchi. Il centro della Volta era abbellito di una Cornice circolare L, composta, come appare nella Modinatura M. N Tubi, e Tegole di cotto massiccie, quali congiungevansi l'uno all'altro per mezzo dell'incastro. O Bocca, e Coperchio del Pozzo mentovato nella Pianta E della Tavola antecedente.<br>",,,,,,
e2fc439c-ea17-47d6-bb04-b194c8c3c5b3,Iscrizioni del Mausoleo della Famiglia de' Plauzij a Ponte Lugano.,,,,,,,,
c7d72838-5a65-4de0-8688-dc6ae10d068e,"Veduta di un gran masso, avanzo del Sepolcro della Famiglia de' Metelli su la Via Appia a cinque miglia dalla Porta S. Sebastiano, nel Casale di S. Maria Nuova, ecc.",,,,,,,,
4c49f83d-2657-4d15-aa22-6758d8b6e6f2,,,"ALTRO SPACCATO della CAMERA SEPOLCRALE de' LIBERTI e SERVI e c, della Famiglia di AUGSTO. Questa Parete, che forma un fianco della Camera corrispondente in tutto al fianco opposto è divisa in tre Nicchioni di eguale larghezza. Quel di mezzo fatto a semicircolo ha la Volta ornata similm.te di stucco a fog(l)ia di conchiglia. Gli altri due sono quadrati, in un de' quali dal lato sinistro si veggono le due Porte, che davano l'ingresso nella Stanza; l'una al piano; l'altra sopra il Cornicione. In tutti e tre con perfetta simetria sono distribuiti gli ordini de' Colombaj, come nella Parete di faccia gia dimostrata. Entrando per la Porta del piano si vede al primo Pilastro un Cippo funebre di marmo statuario colla sua Iscrizione. Al Nicchione di mezzo un'Avello parimente di marmo scolpito di varie maschere sceniche con molti altri consimili ornamenti. Nell'altro, che segue, fu trovato un Sarcofago di creta cotta. È stato osservato, che dentro lo stesso in un canto eravi un certo rialzo pur di terra cotta pertugiato, alto e largo non più di once sei, il q(u)ale pare, che dovesse servire come di guanciale al defonto",,,,,,
ba9e6cad-e9fe-4509-b0de-6763e9be5a9e,,,"Dopo di aver'esposto nella Tav. passata il Modo, con cui sono state alzate le grandi Pietre nel costruire il Magnifico Sepolcro di Cecilia Metella e c; feci riflessione sopra lo Stromento detto Ulivella, trovato da Brunelesco, et usato oggigiorno, il quale comunem.te credesi, che sia quello, che ci viene accennato da Vitr.o sotto il nome di Forfice, o Tanaglia. Lo Stromento di Brunelesco in vero è molto utile, e comodo; ma quello, che ci viene indicato da Vitr.o, sarà stato certam.te diverso, e forse più facile e porsi in uso. Per tanto appoggiato al Passo di Vitr.o semplicem.te et alle Osservazioni sopra que' Buchi delle Pietre, tante volte mentovati in quest'Opera, ho voluto que'delineare una qualche Idea delle dette Tanaglie di Vitr.o, la quale, se riuscirà di profitto al Publico, godrò di aver ben' impiegate le mie fatiche: altro che nò, apparirà almeno, che io ho avuta l'intenzione di giovare. A Tanaglia di ferro colla sua Pianta B. Ella è composta di due Pezzi; l'uno C D, l'altro E F, congiunti insieme a guisa di Tanaglia, e legati dal Perno G. Sicchè quanto più sono forzati a combaciarsi da un capo, tanto più si aprono dall'altro. Introdotta nel suo buco la Tanaglia nella parte di sotto sino alla linea H, et essendo la Fune, la quale passa per gli Anelli legandoli insieme, tirata all'in sù col mezzo dell'Argano, e della Taglia, stringe forte l'uno con l'altro i medesimi Anelli, e per consegue(n)za allarga la detta parte di sotto, nel buco introdotta, di modo, che medianti i lati di fuori, D, F, dentati, e fatti a coda di rondine, non può uscire dal buco, sinche non è posato il sasso. Per sicurezza maggiore però potrebbesi mandare a forza in H il Cuneo quadrilatero I. Sembrami per tanto, che un tale Ordigno più d'ogni altro si accosti al senso di Vitruvio allorche disse,, ad rechamum autem imum ferrei Forfices, ovvero Forcipes (come alcuni Testi) religantur, quorum dentes in saxa forata acco(m)modantur. K La stessa Tanaglia veduta per fianco e suo Spaccato L, cioè dei due Capi dentati. M Altre due Tanaglie poco differenti dalla stessa. N Cuneo rotondo per allargare le medesime dopo introdotte ne' buchi. O Fune con Uncino, a cui attaccasi la Tanaglia ad Uncino formata. P Vlivella di Brunelesco. Q Spaccato d'uno di que' Sassi grandi con due buchi, i quali si trovano in molti edifizj antichi, per far vedere le due Tanaglie entro a' buchi accomodate. R Spaccati colle loro misure del Buco per gli Uncini descritti nella Tav. antecedente. S Pianta, e Spaccati T, V, colle loro misure del Buco per le Tanaglie. I Buchi delle presenti misure per lo più si trovano ne' Pezzi di Marmo lunghi in circa palmi 8, larghi 4 1/2, grossi 5.",,,,,,
46bf4f0c-6159-4b49-8fce-ce9205ebdcf6,,,,"RACCOLTA DE' TEMPJ ANTICHI. PARTE I. - I TEMPJ DI VESTA MADRE, OSSIA DELLA TERRA E DELLA SIBILLA, AMBEDUE IN TIVOLI, E DELL'ONORE E DELLA VIRTÙ FUORI DI PORTA CAPENA",,,,,
052a04a3-4e7b-470b-befe-681730d8251a,,,,"RACCOLTA DE' TEMPJ ANTICHI. PARTE I. - I TEMPJ DI VESTA MADRE, OSSIA DELLA TERRA E DELLA SIBILLA, AMBEDUE IN TIVOLI, E DELL'ONORE E DELLA  VIRTÙ FUORI DI PORTA CAPENA",,,,,
427f7c8f-e211-4ee4-968a-03ecfd5c81ac,,,,"RACCOLTA DE' TEMPJ ANTICHI. PARTE I. - I TEMPJ DI VESTA MADRE, OSSIA DELLA TERRA E DELLA SIBILLA, AMBEDUE IN TIVOLI, E DELL'ONORE E DELLA  VIRTÙ FUORI DI PORTA CAPENA",,,,,
3925c18d-4d91-4b37-864d-0dcd93dad8ca,,,,"RACCOLTA DE' TEMPJ ANTICHI. PARTE I. - I TEMPJ DI VESTA MADRE, OSSIA DELLA TERRA E DELLA SIBILLA, AMBEDUE IN TIVOLI, E DELL'ONORE E DELLA VIRTÙ FUORI DI PORTA CAPENA",,,,,
3fded41d-fdac-46b6-a600-8b5764d920c0,,,,"RACCOLTA DE' TEMPJ ANTICHI. PARTE I. - I TEMPJ DI VESTA MADRE, OSSIA DELLA TERRA E DELLA SIBILLA, AMBEDUE IN TIVOLI, E DELL'ONORE E DELLA VIRTÙ FUORI DI PORTA CAPENA",,,,,
63877b18-9230-4981-9f8d-0e5cc91db094,,,,"RACCOLTA DE' TEMPJ ANTICHI. PARTE I. - I TEMPJ DI VESTA MADRE, OSSIA DELLA TERRA E DELLA SIBILLA, AMBEDUE IN TIVOLI, E DELL'ONORE E DELLA  VIRTÙ FUORI DI PORTA CAPENA",,,,,
83bb9713-87ca-4483-98dc-5504c3ed7a2b,,,,"RACCOLTA DE' TEMPJ ANTICHI. PARTE I. - I TEMPJ DI VESTA MADRE, OSSIA DELLA TERRA E DELLA SIBILLA, AMBEDUE IN TIVOLI, E DELL'ONORE E DELLA VIRTÙ FUORI DI PORTA CAPENA",,,,,
993bdfc9-45a0-4bcb-ad0d-ba7b71866b19,,,,"RACCOLTA DE' TEMPJ ANTICHI. PARTE I. - I TEMPJ DI VESTA MADRE, OSSIA DELLA TERRA E DELLA SIBILLA, AMBEDUE IN TIVOLI, E DELL'ONORE E DELLA  VIRTÙ FUORI DI PORTA CAPENA",,,,,
cdfb421d-f151-4c0d-a8f3-b6ede6f5de31,,,,"RACCOLTA DE' TEMPJ ANTICHI. PARTE I. - I TEMPJ DI VESTA MADRE, OSSIA DELLA TERRA E DELLA SIBILLA, AMBEDUE IN TIVOLI, E DELL'ONORE E DELLA VIRTÙ FUORI DI PORTA CAPENA",,,,,
29710e52-2d6d-4cf4-9db2-496cc95d498a,,,,"RACCOLTA DE' TEMPJ ANTICHI. PARTE I. - I TEMPJ DI VESTA MADRE, OSSIA DELLA TERRA E DELLA SIBILLA, AMBEDUE IN TIVOLI, E DELL'ONORE E DELLA  VIRTÙ FUORI DI PORTA CAPENA",,,,,
15c6a428-a21f-41e9-b2a5-b077884d7922,,,,"RACCOLTA DE' TEMPJ ANTICHI. PARTE I. - I TEMPJ DI VESTA MADRE, OSSIA DELLA TERRA E DELLA SIBILLA, AMBEDUE IN TIVOLI, E DELL'ONORE E DELLA  VIRTÙ FUORI DI PORTA CAPENA",,,,,
d1950f00-7adc-4605-b0f6-6a358de5f2ed,,,,"RACCOLTA DE' TEMPJ ANTICHI. PARTE I. - I TEMPJ DI VESTA MADRE, OSSIA DELLA TERRA E DELLA SIBILLA, AMBEDUE IN TIVOLI, E DELL'ONORE E DELLA  VIRTÙ FUORI DI PORTA CAPENA",,,,,
783ba731-830f-4736-8ae4-d9f746761906,,,,"RACCOLTA DE' TEMPJ ANTICHI. PARTE I. - I TEMPJ DI VESTA MADRE, OSSIA DELLA TERRA E DELLA SIBILLA, AMBEDUE IN TIVOLI, E DELL'ONORE E DELLA VIRTÙ FUORI DI PORTA CAPENA",,,,,
04293e06-6203-410e-9bc0-0f798a20e4b1,,,,"RACCOLTA DE' TEMPJ ANTICHI. PARTE I. - I TEMPJ DI VESTA MADRE, OSSIA DELLA TERRA E DELLA SIBILLA, AMBEDUE IN TIVOLI, E DELL'ONORE E DELLA  VIRTÙ FUORI DI PORTA CAPENA",,,,,
9850eec3-079c-48f7-8002-26e4de14fefc,,,,"RACCOLTA DE' TEMPJ ANTICHI. PARTE I. - I TEMPJ DI VESTA MADRE, OSSIA DELLA TERRA E DELLA SIBILLA, AMBEDUE IN TIVOLI, E DELL'ONORE E DELLA  VIRTÙ FUORI DI PORTA CAPENA",,,,,
cdfb065a-bf05-42c4-8fdd-60d7bd74d502,,,,"RACCOLTA DE' TEMPJ ANTICHI. PARTE I. - I TEMPJ DI VESTA MADRE, OSSIA DELLA TERRA E DELLA SIBILLA, AMBEDUE IN TIVOLI, E DELL'ONORE E DELLA VIRTÙ FUORI DI PORTA CAPENA",,,,,
847d2bad-aef5-42c5-8682-8b264f44cf9d,Fianco del Tempio dell'Onore e della Virtù.,,,"RACCOLTA DE' TEMPJ ANTICHI. PARTE I. - I TEMPJ DI VESTA MADRE, OSSIA DELLA TERRA E DELLA SIBILLA, AMBEDUE IN TIVOLI, E DELL'ONORE E DELLA  VIRTÙ FUORI DI PORTA CAPENA",Fianco del Tempio dell'Onore e della Virtù.,,,,
cfd6c671-5f72-4019-9d2c-2d88a6d3c9f7,"Spaccato del Pronao, o Portico del Tempio dell'Onore e della Virtù.",,,"RACCOLTA DE' TEMPJ ANTICHI. PARTE I. - I TEMPJ DI VESTA MADRE, OSSIA DELLA TERRA E DELLA SIBILLA, AMBEDUE IN TIVOLI, E DELL'ONORE E DELLA VIRTÙ FUORI DI PORTA CAPENA","Spaccato del Pronao, o Portico del Tempio dell'Onore e della  Virtù.",,,,
d2e36998-803f-4ef1-83ef-b62051282398,,,,"RACCOLTA DE' TEMPJ ANTICHI. PARTE I. - I TEMPJ DI VESTA MADRE, OSSIA DELLA TERRA E DELLA SIBILLA, AMBEDUE IN TIVOLI, E DELL'ONORE E DELLA VIRTÙ FUORI DI PORTA CAPENA",,,,,
16c4865f-4bf1-4305-b303-5962532b004f,Spaccato per traverso del Tempio dell'Onore e della Virtù.,,,"RACCOLTA DE' TEMPJ ANTICHI. PARTE I. - I TEMPJ DI VESTA MADRE, OSSIA DELLA TERRA E DELLA SIBILLA, AMBEDUE IN TIVOLI, E DELL'ONORE E DELLA VIRTÙ FUORI DI PORTA CAPENA",Spaccato per traverso del Tempio dell'Onore e della Virtù.,,,,
1905f5c7-ad6b-4c45-8550-480537a14058,Modinature in grande delle parti del Tempio dell'Onore e della Virtù.,,,"RACCOLTA DE' TEMPJ ANTICHI. PARTE I. - I TEMPJ DI VESTA MADRE, OSSIA DELLA TERRA E DELLA SIBILLA, AMBEDUE IN TIVOLI, E DELL'ONORE E DELLA VIRTÙ FUORI DI PORTA CAPENA",Modinature in grande delle parti del Tempio dell'Onore e della  Virtù.,,,,
022df497-b768-4f2d-a8be-4690ddaba020,,,,"RACCOLTA DE' TEMPJ ANTICHI. PARTE I. - I TEMPJ DI VESTA MADRE, OSSIA DELLA TERRA E DELLA SIBILLA, AMBEDUE IN TIVOLI, E DELL'ONORE E DELLA VIRTÙ FUORI DI PORTA CAPENA",,,,,
3c449449-834d-4605-89b1-fa93835ff3bb,,,,"RACCOLTA DE' TEMPJ ANTICHI. PARTE I. - I TEMPJ DI VESTA MADRE, OSSIA DELLA TERRA E DELLA SIBILLA, AMBEDUE IN TIVOLI, E DELL'ONORE E DELLA  VIRTÙ FUORI DI PORTA CAPENA",,,,,
be92f2a2-7133-448f-885f-8711601dea09,,,,"RACCOLTA DE' TEMPJ ANTICHI. PARTE I. - I TEMPJ DI VESTA MADRE, OSSIA DELLA TERRA E DELLA SIBILLA, AMBEDUE IN TIVOLI, E DELL'ONORE E DELLA VIRTÙ FUORI DI PORTA CAPENA",,,,,
600d397e-6a1d-4ff9-8ead-200b3b90e3a6,,,,,,"View of one of the ancient circuses surrounded by other mouments.
(Reduced version of original frontispiece to Volume III of Antichità Romane.)",,,
c6cc0628-77c0-4966-be61-da69383ed5fb,,,,,,"Portion of a hanging city, approachable by sea from below.
(Reduced version of original frontispiece to Volume IV of Antichità Romane.)",,,
cc25a1e8-1bc5-4666-a1a9-54f68337eb48,,,,,,,"21. 25. Des ruines, une statue de faune, un tronçon de colonne dirigé vers la droite. A gauche, un lion (?) de pierre et, contre le socle, des médaillons. Au dernier plan, un arc de triomphe à peine mordu. - Sig. en bas à gauche, dans la gr. - H. 0.395. L. 0.55.",,
4dfa1139-5b0f-49c3-9abb-8e626bd81e0a,"Frontespizio. Una mostra d'acqua scende fra lastroni e ornamenti di marmo, su alcuni dei quali in alto si legge la scritta in rilievo: Le rovine del Castello dell'acqua Giulia situato in Roma presso S. Eusebio, e falsamente detto dell'acqua Marcia, colla dichiarazione di uno de' celebri passi del Commentario Frontiniano, e l'esposizione della maniera con cui gli antichi Romani distribuivano le acque per uso della città; di Gio. Battista Piranesi.",,,,,,,,
6a439584-6df1-486f-a89a-ef8ef99cf6b8,,,"Rovine del Tempio de'Castori nella città di Cora<BR><BR>L'iscrizione del tempio, parte in opera, e parte atterrata come si accenna col num. 1. riunendosi, si legge così.......M (cioè Adem) CASTORI. POLLVCI. DEC. S. FACIENDAM. PEC. SACR. COER. M. CALVIVS. M. F. P. N. Presentemente il frammento atterrato è stato affisso nel muro segnato col numero 2.  numero 3. Chiesa di San Salvatore fatta alla gotica",,,,,,
882dba60-5a5a-43c7-97cc-6bc7e6d31dbc,"Prospetto di lastricato e de' margini dell'antica via Appia, delineato così come si vede verso Roma poco più in qua della città d'Albano.",,,,,,,,
811f96f2-444a-4875-9242-8bd91aaf4ef3,,,,,,,,"Piranesi, Roger Newdigate, Bibliotheâ Radclivianâ Oxonia ex Dono",
23196058-febf-4e34-8939-8d5339488707,,,,,,,,,"Vincenzo Brenna disegnò
Cavalier. Piranesi inc."
56aca01c-1a28-44bf-9e5f-3c6a53d04002,,,,,,,,,Cav. Gio. Batt(ist)ã Piranesi F.
099df622-7032-4d68-bec4-414ca2e37a94,Vaso cinerario con Baccanti e Divinità.,,,,,,,,
d4d8f0d8-96da-48f9-b3a5-c70ad5f0b758,,,,,,,"590. VIII. Autre vue de l'intérieur du pronaos, qui a déjà été décrit et dessiné dans la pl. précédente... -- Titre dans un cartouche, à gauche. -- Sig. en bas du cartouche, à dr. -- H. 0.488. L. 0.66. -- Fil. id.",,
ead79535-e150-4c2a-bc03-1105e5f44d09,Veduta del Tempio di Cibele a Piazza della Bocca della Verità.,,,,,View of the Temple of Cybele in the Piazza of the Bocca della Verità.,,,
51369f61-dc7a-428e-a287-99390644b9ce,,,"Veduta del Sito, ov' era l' antico Foro Romano.<BR>sare da Marcantonio, la testa e mano di Cicerone, e c. e finalm.te presso quali seguirono fatti sanguinosi tra Cittadini Romani.<BR>1. Fenili. in questo Luogo erano situati i Rostri.<BR>2. Altro luogo, ove poi furono trasportati da Cesare. <BR>3. S. Teodoro in questo sito furono trovati Romolo, e Remo portati qui dal Tevere presso al Fico Ruminale. <BR>4. Monte Palatino coi Vestigi del Palazzo de' Cesari.<BR>5. S. Maria Liberatrice.<BR>6. Colonne del Tempio di Giove Statore.<BR>7. Vasca di Granito orientale tutta d' un pezzo di estraordinaria grandezza in questo sito eravi la voragine di Curzio.<BR>8. Monte Aventino.<BR>9. Acqua che scorre nella Cloaca massima. Tutta questa parte memorabile nella Storia Romana particolarm.te per li Rostri, da quali si perorava al Popolo, si esponevano i Capi degli uccisi, o proscritti, come fu la Veste insanguinata diCe.",,,,,,
1ef679ed-60be-4311-8d1e-2245ec8aff02,Veduta degli avanzi della Circonferenza delle antiche fabbriche di una delle Piazze della Villa Adriana oggidì chiamata Piazza d'oro.,,,,,,,,
9996e392-cbfb-41e9-b9d4-a17e9d1d8877,,,,,,,,,"Bernardino Nocchi disegnò
Cav. Francesco Piranesi incise 1790<BR><BR>Francesco. e Pietro Piranesi D. D. D."
4de88bc5-5a3f-47dd-b64b-3e1cbdad3f02,,,,,,,,,"Bernardino Nicchi disegnò
Francesco Piranesi incise. 1780<BR><BR>Francesco Piranesi D. D. D."
4a216e78-5317-48e5-a0b0-357e5cc8546f,,,,,,,,,"Lorengo Rocchegiani disegnò
Francesco Piranesi. incise 1781<BR><BR>Francesco Piranesi D. D. D."
5138b144-42f7-4af7-90f9-ec69131ae701,,,,,,,,,"Pietro Angeletti disegnò
Andrea Rossi scolpì
<BR>Cav. Francesco Piranesi D. D. D."
a4234579-76e6-478e-ab63-b3e08f24107d,,,,,,,,,"Ludovico Corazzari disegnò
Cav. Francesco Piranesi incse 1783.<BR><BR>Francesco Piranesi D. D. D."
1ab97f77-3d57-4012-8922-e2075f5f352c,,,,,,,,,"Ludovico Corazzari disegnò
Cav. Francesco Piranesi incse 1769.<BR><BR>Francesco Piranesi D. D. D."
da257232-cdb9-47cd-995d-421499ae6cdd,,,,,,,,,Ludovico Corazzari disegnò.<BR>Francesco Piranesi inc. 1785.<BR><BR>Francesco Piranesi D.D.D.
a36347d4-5ccf-4629-a437-ee5051520a92,,,,,,,,,Tomasso Piroli disegnò.<BR>Fran.co Piranesi incis.re di S.M. il Re di Polonia 1783<BR><BR>Francesco Piranesi D.D.D.
9e553a77-e069-4e71-8000-c07869e4ecb0,,,,,,,,,"B:to Gagnerau disegnò
Fran:co Piranesi incis.re di S:M: il Ré di Polonia 1784<BR><BR>Francesco Piranesi D.D.D."
18a141bb-025b-4efd-a1bd-ff8985530c88,,,,,,,,,"Tomasso Piroli disegnò
Francesco Piranesi incise. 1783.<BR><BR>Francesco Piranesi D.D.D."
7e1e0550-bf94-44f0-8b7d-ca3192429c93,,,,,,,,,"Ludovico Corazzari disegnò
Cav. Fran.co Piranesi incise 1792<BR><BR>Francesco Piranesi D.D.D."
ca02b3dd-617e-4682-9805-ae9dd82ba525,,,,,,,,,Tomasso Piroli disegnò.<BR>Cav. Francesco Piranesi inc: 1784:<BR><BR>Francesco Piranesi D.D.D.
1d84169f-934b-4972-bf1a-9e06337828b1,,,,,,,,,"Ludovico Corazzari disegnò
Cav: Francesco Piranesi incise 1785.<BR><BR>Francesco Piranesi D.D.D."
2aa68219-8380-4584-a140-b4bbfe35282e,,,"SPACCATI, CHE DIMOSTRANO LA SCENA STABILE SVPPLITA, E LA FRONTE DELL'AVLEO, E DEL SIPARIO DELLA TEMPORARIA<br><br>Figura I. Spaccato sulla linea dell'ingresso dell'Orchestra, che dimostra la fronte della Scena stabile.<br><br>Figura II. Spaccato simile all'antecedente per mostrare l'Auleo, ed il Sipario della Scena temporaria, o mobile.<br><br>Figura I. A. Portico supplito intorno all Scena. B. Ingressi all'Orchestra, con sue parti adiacenti, già descritte nella Tavola antecedente Figura I. C. Piano dell'Orchestra con pavimento di marmo giallo antico, che veniva ricoperto di legno né Giuochi Scenici. D. Iposcenio, o fronte del Pulpito con Nicchie con Tripodi, ed Are per le Divinità. E. Scalette di communicazione trà il Pulpito, e l'Orchestra. F. Statue di Nonio Balbo e di Appio Claudio Pulcro sull'imbocco della Scena. G. Scena stabile supplita dall'indizj delle ruine. H. Emiciclo in mezzo della Scena, con Porta, che Vitruvio nomina Aula Regia, perché dovea mostrare la parte esterna della medesima. L'uso di questa Scena restringevasi in quelle azioni, che non v'era bisogno della Scena mobile, e veniva decorata con festoni ghirlande, ed altri somiglianti leggeri ornamenti, alludenti alle rappresentazioni, che non erano Sceniche.<br>Figura II. A. Fronte dell'Auleo. B. Sipario, o Cortina calata. C. Arco della Fornice chiuso dal Sipario, che alzato scopriva la Scena mobile a seconda della variazione de' soggetti, che si rappresentavano.",,,,,,
0963ffae-ed85-441d-8bbe-b635d400de9a,,,,,,"Egyptian decoration of the Caffè degli Inglesi: Animals on the cornice, including a bull at the center.",,,
f144ed97-9336-49f1-9d58-1177c04e9438,,,,,,Egyptian decoration of the Caffè degli Inglesi: Addorsed sphinxes at the center of the cornice.,,,
e3e2aa27-0df6-4b4e-a113-4923acda7cd7,"Nella Casa di Campagnia di Pompeïa, piano inferiore volta a mezza botte, ch'hà, L'impostatura per i due lati piu lunghi.",,,,"Nella Casa di Campagnia di Pompeïa, piano inferiore volta a mezza botte, ch'hà, L'impostatura per i due lati piu lunghi.",,,,
d2a11cf7-424e-4fc1-8908-296684654e0a,"Santa Teresa col Bambino Gesù, la Madonna e otto angeli ( inc. F. Bartolozzi ).",,,,"Santa Teresa col Bambino Gesù, la Madonna e otto angeli ( inc. F. Bartolozzi ).",,,,
e8b6df8c-dcf4-4725-b8b4-92fa2e8d48e2,,,,,,,,,Far son très humble et très obeissant Serviteur; Thómás Piroli･Graveur
28da70b8-7f37-4aeb-ad07-0d667fb1740f,,,,,,,,,Dessiné par guerchin<BR>Grave par Piroli
76f5940b-2820-4e67-a1bf-1911642411fa,,,"Jesù ad Golgotha properantem adsocianti, quô se, aliosque mortales magno exemplo firmaret atque accenderet, hanc, quam delineavit, et aere incidit, summi amoris, et doloris Imaginem, dicavit Aurelianus Milanus Pictor Bononiensis Anno Jubilaei 1725.<BR><BR>Romae Super.perm.",,,,,,
4c1cbfba-d4d4-4fd7-b59e-2aebf71bf0dd,"La Natività di S. Giovanni Battista, da Ludovico Carraci (inc. Domenico Cunego).",,,,,,,,
c7a49108-819e-4f7c-a7da-d926f8b00c1f,"Prospetto interiore del Tempio Vaticano veduto nelle sere di Giovedì e del Venerdì Santo al chiarore della gran Croce di metallo illuminata, disegno di L. Desprès (inc. F. Piranesi).",,,,,,,,
d1b73494-9e76-473b-aa85-3b0c4f2702eb,,,,,,,,,"Desprès disegnò<br><br>
Fran.co Piranesi inc."
cc8ea92e-e5be-41de-bdd2-f289baa55479,,"Indice degli Edifizi e loro principali parti<br>1 Castro dé Soldati con Peristilio di Colonne di cemento senza basi di ordine Toscano, in parte dipinte à vari colori. I suoi Conclavi che ha d'intorno sono à due piani ove, alloggiavano i Soldati; e gli Officiali in luogo distinto. Quivi si sono ritrovate armature nobili di bronzo, elmi lisci, ed un ceppo di ferro à cui erano rimasti avvinti quattro Rei.<br>2 Teatro scoperto a due precinzioni dé gradi e portico intorno la scena.<br>3 Portico di lato a detto Teatro per trattenimento dé Spettatori.<br>4 Teatro coperto edificato da Q. Valcio e M. Porcio Duunviri<br>5 Tempio d'Iside circondato da Atrio con colonne di cemento di ordine Dorico, dipinte di minio sino al terzo: e pareti a grotteschi nel medesimo fondo. Questo Tempio disfatto da Terremoti fù nuovamente ristabilito a spese di N. Popidio Celsino.<br>6 Abitazioni de ministri e servi del Tempio con conserva delle Vittime.<br>7 Altra con cavedio peristilio, Conclavi Triclinio, ed altro ad uso privato.<br>8 Sisto con due ale di Portico per esercizi ginnastici<br>9 Tempio diruto d'ordine Dorico.<br>10 Scola semicircolare con sedile all'intorno.<br>11 Abitazione privata a quattro piani, che in parte resta fuori delle mura della Città.<br>12 Mura della medesima per sostruzione al detto Tempio.<br>13 Via maestra di traverso, e fuori della Città in oggi scoperta<br>14 Viatrio, che conduce al suddetto Tempio, ed al Teatro scoperto.<br>15 Altro di comunicazione al Teatro suddetto, e Casa dell'Editus del Tempio d'Iside, e ad altra privata.<br>16 Clivo, che scende al Teatro coperto, ed al Castro suddetto.<br>17 Strada, che conduceva all'Amfiteatro ora ricoperto.<br>18 Continuazione di altre strade indicateci da Scavatori, e segnate in Pianta di tinta più leggera.<br>19 Tablino di casa cospicua del tutto rovinata.<br>20 Cavedio o Atrio di clonne a tre lati di altra Casa diruta, con Pergole sulla publica Via.<br>21 Ingressi ad abitazioni private in gran parte demolite.<br>22 Adito o ingresso nobile di una abitazione del tutto rovinata.<br>23 Officine o Pergole diverse.<br>24 Taberna, che per Averunco ha l'imagine di un Priapo.<br>25 Altra con ingresso inclinato alla publica Via per comodo dé Carri.<br>26 Abitazione denominata del Chirurgo con atrio Toscano pulitamente costrutto, ed ornato.<br>27 Abitazione diruta, della quale solamente rimangono due Pergole dipinte tanto nell'interno, quanto sulla publica Via<br>28 Termopilo con facciata e stanze dipinte ove si vendevano dolci con acque calde come ne nostri caffé.<br>29 Altro consimile ornato solamente nell'esterno con zoccolo dipinto.<br>30 Porta della Città con tre ingressi, quello di mezzo per i Carri, e i due laterali per i Pedoni, dove erano i Vigili.<br>31 Basamento di un Sepolcro diruto.<br>32 Strada intorno alle mura della Città.<br>33 Edicola con fornice, e fusto di piedestallo.<br>34 Scola semicircolare con Orlogio solare edificata a spese di L. Sepunio Sandilano, e di M. Erennio Epidiano Duunviri.<br>35 Basamento del Sepolcro di M. Porcio.<br>36 Altro con Ustrino, e Scola di Mamia Sacerdotessa.<br>37 Vico, che guida a detto Sepolcro.<br>38 Avanzi di una grandiosa fabbrica nobilmente decorata.<br>39 Edifizio nobilissimo fuori della Città con Atrio,e Peristilio, ed abitazione rustica per i servi. <br>Questa Pianta indica quanto fù discoperto sino all'anno 1780. e publicata l'anno 1785.<br><br>Topografia delle Fabbriche scoperte nella Città di Pompei.<br>I numeri seguenti indicano quanto si é discoperto in seguito sino al 1792. <br>40 Indizj di altra Casa privata con due ingressi. <br>41 Scala che discendeva ai piani inferiori della Casa segnata N.o19. Restando il più nobile al pari della strada.<br>42 Avanzi del Cavedio di detta Casa posto nel piano inferiore.<br>43 Conclavi a due piani perdiversi usi della Casa segnata N.o 20.<br>44 Avanzi del Peristilio della Casa sudetta di piano inferiore alla strada.<br>45 Proseguimento di Conclavi della Casa contigua, che parimente erano a diversi ripiani<br>46 Compluvi nel mezzo di Cavedj delle Case segnato coi N.i 21. quali indicano che all'intorno di essi girava l'Atrio Toscano il quale pare che doveva essere ancora nelli cavedj dell'altre Case segnate N.i 21.<br>47 Cavedio con Atrio di colonne, e conclavi all'intorno per diversi usi della Casa segnata N.o 27.<br><br>Veduta del Tempio d'Iside marcato all'N.o.5. <br>Veduta della Porta di detta Città marcata all'N.o 30<br><br>Sito dove presentemente é l'ingresso",,,,,,,
b30c5c8b-bd74-4c55-8305-505fd413dbd6,,,"Veduta del Tempio d'Iside quale oggi esiste fragli avanzi dell'antica Città  di Pompei<br>A. Ingresso nel recinto del Tempio detto da Greci Peribolos. B. Portico che gira intorno al Peribolo del Tempio sostenuto da colonne di materiale rivestite di stucco, e dipinte di color rosso sino al terzo dell'altezza. C. Pareti di detto recinto colorate a rosso giusta il costume antico e dipinte con be' compartimenti nel genere di grotteschi. D. Statua d'Iside ora trasportata nel Museo Reale. Questa non era il simulacro principale della Dea, ma' una di quelle che secondo l'uso de' Greci eran collocate ne' portici. E. Ingressi al triclinio posteriore. F. Pozzo ove si gettavan le ceneri delle vittime, coperto di due sportelli mobili a tetto. G. Panca di legno ove si orava sedendo secondo il rito, e si prendevan gli auguri. H. Edicola dentro l'area del recinto o Peribolo a forma di Tempietto abbellito con molti ornamenti di stucco a bassorilievo e dedicata forse ad Osiride. Queste edicole son descritte da Pausania nel aree de' Templi Greci. I. Idoli Egizi forse Agatodemoni laterali alla porta della descritta edicola e lavorati a bassorilievo. Posan su mensole ed hanno picciole are al dinnanzi. K. Ara avanti il Tempietto d'Osiride su cui si trovò il focolare di bronzo. L. Scala per cui si ascende al Pronao del tempio. M. Piedestallo ch'era impellicciato di marmo. N. Altro piedestallo ch'era inciso a geroglifici. O. Pronao del Tempio con sue colonne. P. Interno della Cella. Q.Podio su cui sorgeva la statua principale perduta e due di terra cotta d'Esculapio e d'Igia. R. Edicole laterali al Tempio. Si Are appart.te alle Edicole laterali.<br><br>* Supplimento di due colonne per non guastare la Prospettiva",,,,,,
3c85f40e-d56c-42a9-a2db-ae6ba3c9445d,,"Ferdinandus IV et Mar(ia) Carolina<br>Deo patriae ac bonis artibus a(nno) 1779<br>COLLEGI FERDINAMUNUS<br><br>Alla Maestà di Ferdinando IV. <br>Re delle due Sicilie, e di Gerusalemme &c. &c.<br><br>Fig. I. Veduta del Lago Fucino, e sue adiacenze situato nell'Abruzzo Provincia del Regno di Napoli anticamente de' Marsi.<br>A. Sito ove fu traforato il monte per isgorgar l'acqua del Lago.<br>B. Orificj de Pozzi, e Cunicoli scalari, che calavano nello speco dell'Emissario.<br>C. Vestigie dell'antica Cerfenia vicino alla bocca dell'Emissario sul fiume Liri.<br>D. Fonti, che si scaricano nel Lago.<br>E. Trasangua, in oggi Trasacco.<br>F. Vestigie dell'antica Via Valeria.<br>G. Salto fiume, che nasce sotto Verrechio, e si asconde sotterra, rinascendo a Tagliacozzo.<br>H. Vestigie dell'antica Alba Città de' Marsi, Colonia de' Romani, fra le quali si scorgono quelle del suo Anfiteatro.<br>I . Via Valeria odierna, che conduce ad Alba.<br>Fig II.Topografia del Lago Fucino.<br>A. B. Direzione sotterranea dello speco dell'Emissario.<br>C. Vestigie dell'antica Cerfenia.<br>D. Fonti, o sorgenti, che si scaricano nel Lago.<br>E. Vestigie dell'antica Valeria Città de' Marzi Colonia de' Romani.<br>F. Piconio Fiume in oggi detto la Fara.<br>G. Fornelo in oggi S.Maria di Piediponte.<br>H. Emissario moderno per cui passa l'acqua del fiume Liri a Campi Palentini.<br>I. Valle di Nerfa.<br>Fig. III. Pianta generale dell Emissario, che dimostra la via sotterranea dello speco, dalla sua foce sino al esito di esso.<br>A. Parte del Lago Fucino.<br>B. Foce dell'Emissario dimostrato interrito tal quale appariva nel mese di Settembre, dell'anno. 1766. quando fù disegnato.<br>C.D. Speco sotterraneo dell'Emissario scavato nel monte.<br>E. Esito dell'Emissario sull'alveo dell'Liri.<br>F. Fiume Liri.<br>Fig.IV. Sezione verticale del monte lungo lo speco dell'Emissario.<br>A. Superficie del Lago secondo la sua minor altezza.<br>B. Linea del piano dello speco più basso della superficie dell'acqua del Lago.<br>C. Foce dell'Emissario.<br>D.E. Longhezza dello speco dell'Emissario.<br>F. Pozzi perpendicolari allo speco, che servirono per estrarre le materie tagliate per formare lo speco sudetto.<br>G. Cunicoli obliqui di communicazione con lo speco dell'Emissario pe', quali gli Operaj si fecero la via a scavarlo, ed ancora gli servivan di aditi, e regressi.<br>H. Gran cunicolo scalare, che si dirama in tre cunicoli, due de'quali communicano nello speco dell'Emissario, ed il terzo communica con l'altro cunicolo I. da dove si passava nello speco sudetto.<br>K. Cunicoli obliqui, che communicano ne' pozzi perpendicolari allo speco dell'Emissario.<br>L. Cunicolo obliquo, che communica nello speco.<br>M. Esito dell'Emissario sul fiume Liri.<br>N. Letto del fiume Liri.<br>O. Alveo del fiume sudetto formato da due montagne.<br>P. Superficie ordinaria dell'acqua del sudetto fiume.<br>Fig.V. Sezione di parte del Lago, e del suo Emissario che dimostra lo stato del letto e della superficie del Lago tal quale appari quando fù disegnato.<br>A. Porzione del Lago, e sua superficie<br>B. Letto del sudetto di molto cresciuto.<br>C. Foce dell'Emissario dimostrata interrita come si vidde nel tempo sudetto.<br>D. Linea del piano dello speco più basso della superficie dell'acqua del Lago.<br>Fig.VI. Dimostrazione in grande della pianta dell'Emissario, che presenta lo stato antico della sua foce prima, che s'interrisse ed il suo esito sul fiume Liri, rimanendo la lunghezza dello speco involta nel giro del cartello.<br>A. Porzione del Lago.<br>B. Linea del margine del Lago tal quale appariva allorche si desegnò.<br>C. Linee che indicano dove all'incirca doveva arrivare il margine dell'acqua, che formava il cratere antico del Lago.<br>D.E. Muri di palizzata, che formano un recinto avanti la foce dell'Emissario.<br>F. Foce dell'Emissario, che assorbiva l'acqua del Lago.",,,,,,,
2347c98b-de65-42c0-8228-47b1710812f6,,"Indice delle Fabbriche Ippodromo, ovvero luogo, di addestrar Cavalli, posto nella parte più depressa delle Fabbriche esistenti; che appartiene al Conte Centini erede del Conte Fede.<br>1. Ingressi nel medesimo.<br>2. Stalle rovinate, che servivano di sostruzione al Poggio superiore, al paro del quale era un'altro ordine di Fabbrica per uso, e commodo de Cavallarizzi, Garzoni, ed altrezzi di Scuderia.<br>3. Poggio superiore all'Ippodromo.<br>4. Sostruzione del medesimo sulla Strada antica.<br>5. Magazzeni per Orzo, Fieno, e Paglia,<br>6. Edifizio rotondo con quattro ingressi, investito da Nicchioni.<br>7. Muro di sostruzione al Poggio più alto Lettera A.<br>Bisogna avvertire, che l'Incisione più forte in tutta la Piantaindica i Muri esistenti, e quei scoperti nei diversi scavi: e la leggiera ciò che si è raccolto da frammenti de' Muri, in corrispondenza del totale degli Edifici. L'Incisione pontinata indica i Corridori sotterranei che passano sotto le Fabbriche.<br><br>Naumachia, o Stagno per esercitarvi sulle Navi di Mare; e per esibire i Mostri, e Pesci Marini.<br>8. Portico di fronte all'Ippodromo, che da l'ingresso alla Naumachia.<br>9. Adito ad una delle Scale B<br>10. Scale, che assendevano alla Loggia coperta dé Spettatori C.<br>11. Loggia coperta.<br>12. Gradi per i Sedili allo scoperto dé Spettatori, modernamente rinnovati in altra forma.<br>13. Vomitori, o Scalette né gradi sudetti.<br>14. Cordonate, che dal piano superiore scendevano nella Loggia coperta, e nel primo sedite dé Spettatori.<br>15. Luogo circondato dà Muri con Nicchie per ornamento della sostruzione.<br>16. Tempio di Nettuno soprastante alla Naumachia con due fronti.<br>17. Gradi del Tribunale del Tempio. Nel Sito di queste rovine sono sparvi framenti di Colonne, Architravi, e Fregj di Marmo scolpiti, con corse di Animali, e Mostri Marini guidati dà Genj. Qui presso esistevano i Capitelli con Delfini per Volute, che ora s'ammirano nel Museo Pontifio del Vaticano, e due dei Pilastri conserviamo nella nostra Galleria, quali ornamenti decoravano la Naumachia, ed il Temipio suddetto.<br><br>Teatro. Egli é in oggi diruto, già disegnato dal Ligorio, e dal Contini. Alcuni Muri di esso si scoprirono nell'Anno 1775 nella Vigna pertinente al Seminario Vescovile di Tivoli; ed altri esistono nel Fossicello segnato D.<br>1. Fronte della Scena.<br>2. Portici ai Lati del Proscenio.<br>3. Pulpito.<br>4. Orchestra.<br>5. Portici esteriori ai gradi.<br>6. Scalette, che conducono à Sedili de' Spettatori.<br>7. Vestiarj, e Spogliatori degli Attori.<br>8. Luoghi per le Macchine della Scena.<br>9. Scale, che salgono à detti Edifizi.<br>10. Sentiero moderno, che passa il Fosso. <br>Questo Teatro é all'uso Romano, imperocche é formato secondo i precetti di Vitruvio, con Pulpito basso, e amplo, a distinzione dell'altro, che viene in appresso, à il Timelio, o Pulpito alto, e stretto. Questo era tutto fabbricato sopra terra, sostenuto dalli Portici circolari descritti. L'altro parte era inazucito, nel Monte, restando la sua Orchestra nel piano più depresso del terreno, che lo circonda. I Gradi poi che erano sopraterra venivano sostenuti da contraforti, e quelli incavati nel Monte aveano un Corridore sotterraneo.<br><br>Palestra. Luogo dove si facevano esercizj per render robusto il Corpo, come la Lotta, il Salto, i giuochi del Disco, e de Cesti, ed altri. Sito che appartiene al Conte Centini.<br>1. Peristilio per lottare a scoperto con tre Portici semplici per commodo de' Spettatori, ed uno doppio per lottare a coperto.<br>2. Stanze per nudarsi, ungersi, e cretarsi i Lottatori, Saltatori, ed altri, che si esercitavano nel Ginnasio.<br>3. Scale, che ascendevano a piani superiori<br>4. Sisto di due piani, il superiore con portici doppi in oggi diruti.<br>5. Portici, che circondano per due lati il primo piano del Sisto, e sostenevano le passeggiate scoperte.<br>6. Corridori sotterranei, che servivano di sostruzione al sopraposto portico del Sisto. In uno di essi segnato E scorre l'Acqua, la quale fa mostra alla Fontana nel sito F. detta ora di Palazzo.<br>7. Corpo di Fabbriche per diversi usi degli Atleti, con Portici interni doppi, e Portico esterno, che sostenevano l'Area di un Peristilio superiore.<br>8. Forma dell'Acqua, che si ripartiva ne Lavatori, o Bagni di quei che si esercitavano nella Palestra.<br>9. Essedre quadrale, o Sale nobili, che erano ornate di Marmi, e Stucchi.<br>10. Stanze contigue a dette Sale, con Volte già ornate di Stucchi, e Pitture, come si osservano ne' luoghi G. e H.<br>11. Adito di communicazione alle Sale suddette, con Volta a finissimi Stucchi, come si vede ne' frammenti II.<br>12. Galleria, o Tablino ornato già di Statue, come da Nicchie esistenti. Nella Tribuna di mezzo quadro eravi collocata una Statua sedente, congetturandosi dal Piedestallo di Marmo greco, che ivi si osserva.<br>Conviene qui notare, che le Fabbriche di uso commune, come sono le indicate dell'Ippodromo, Naumachia, Teatro, Palestra, e Castro sono nella parte più bassa; all'incontro le seguenti del Ninfeo, Pisianatteo, Stadio, Vestibulo, Terme, e Canopo sono in piano medio. Per regolamento de piani, o Aree delle medesime, parte sono introdotte nel cavo del Monte, come lo Stadio, le Terme, ed il Canopo, e parte con carichi di Terra, come il piano del Pisianatteo, verso la Valle, e i Giardini; Questi cavi hanno somministrato la materia per le Fabbriche composte per la maggior parte di Tufi di colore leonato, uniti alli corsi de' Mattoni fraposti nella formazione delle Pareti.<br><br>Ninfeo, ovvero luogo delizioso di Fontane, ora si possiede dal Conte sudetto.<br>1. Sostruzione del Poggio superiore ornata di Nicchie quadrate, ed intonacate di pomici, e tartari dipinti.<br>2. Continuazione della medesima con Nicchie semicircolare.<br>3. Cavea con fondo semicircolare, e Nicchie per Fontane ornate di pomici, e tartari dipinti d'azzuro, e verde; la quale serviva di prospetto ad un Viale.<br>4. Opposta sostruzione del Poggio, con Nicchie semicircolare per Fontane surrilmente ornate <br>5. Sostruzioni irregolari, che reggono un angolo del Poggio.<br>6. Tempio rotondo d'ordine Dorico, come da frammenti sparvi nel Poggio si riconosce: occupa il mezzo per far mostra ai varj aspetti del Ninfeo, e dedicato era alle Ninfe presidenti delle Acque.<br>7. Scala del Tribunale del Tempio.<br>8. Recinto semicircolare del Tempio, con varie aperture.<br>9. Podj al piano del Poggio per riguardare le sottoposte Fontane del Ninfeo.<br>10. Corpo di Edifizio nobile a diversi piani per trattenersi presso il Ninfeo.<br>11. Stanza con volta ornata di finissimi stucchi, e grotteschi con fondo dipinto.<br>12. Scala che ascendeva ai diversi piani di detto Edifizio.<br>13. Portico che l'adornava.<br>14. Albergo con Portico per uso dé Castellarj, o Fontanieri del Ninfeo.<br>15. Adito di communicazione a diverse parti delle Fabbriche.<br>16. Conicoli per uso del Ninfeo. <br>Nel sito indicato nella Pianta con nome di Pantanello, presso l'Ippodromo, era luogo ove scolavano vicine sorgenti, e le Acque piovane. Quivi Mon. Hamilton Pittore Inglese tentò una cava, col dar esito alle Acque per mezzo di una Forma, e vi rinvenne nel fondo di esso un prodigioso numero di frammenti di Statue, frà Teste, Mani, Redi, Vasi, Conclelabri, Animali, Bassirilievi di ottima Sculttura, Colonne di Giallo antico, e di Alabastro, ed altri Marimi mischi, ne' tenendo conto dé Capitelli, Basi, Cornici, e Fregj intagliati, e rocchi di Colonne di Marmo ordnario, che rilassò nello stesso fondo. Questo ammasso di frammenti si pretende adunato per dispreggio di Religione, e per barbarie d'ignoranza, che pose in rovina la moltiplice quantità degli adornamenti, che avevano le Fabbriche della Villa, credendo in tal modo restassero distrutte, ed annullate per sempre.",ALLA MAESTÀ DI STANISLAO AVGVSTO<br>RE DI POLONIA<br>PROMOTORE LIBERALISSIMO DELLE BELLE ARTI<br>FRANCESCO PIRANESI ARCHITETTO ROMANO<br>VMILI E CONSAGRA,,,,,,
35d69603-e608-4059-9d42-b44e9bfea2d7,,,"Castro, o luogo per gli alloggiamenti dé Pretoriani, o guardie del Corpo. Sito in parte del Canonico Maderni, e della Camera Apostolica.<br>1. Corpo di guardia del Castro a diversi piani, il primo piano corrisponde a quello dell'Ippodromo descritto.<br>2. Scale, che ascendono ai piani superiori per communicazione a seguenti alloggiamenti.<br>3. Alloggiamenti degli Vfficiali delle guardie in Poggio, più alto.<br>4. Sito, ove furono ritrovate dal Michilli le Statue dell'Arpocrate, della Flora, ed altre, che sono nel Museo del Campidoglio.<br>5. Sostruzione del Poggio superiore K.<br>6. Clivo congiunto alla Strada indicata incavato nel colle per ascendere all'adito delle Vie sotterranee L, le quali passavano nelle diverse parti della Villa. La sostruzione M. del Poggio del Pecile é formata a diversi piani, a seconda del divo nel pianterreno dé quali si ripartivano i Cavalli, e le Guardie nelle Celle di sopra.<br>7. Sterqiuilinio, e Latrina per comodo delle Guardie <br>8. Muro di sostruzione al Colle tagliato.<br>9. Contraforti nell'angolo del medesimo.<br>10. Tempio di Marte, come da Muri e, Frammenti scoperti nel lavorar la Vigna si é riconosciuto.<br><br>Pisianatteo, o Portico doppio, e vario per ornamento di Pitture, è però chiamato Pecile; ivi i seguaci della Filosofia stoica si esercitavano nelle dispute. Sito, che in oggi possiede il Conte Centini<br>1. Portico doppio a Pilastri diviso da Muro, riguardando un lato del grande Peristilio, e l'altro dell'Area opposta.<br>2. Teste del medesimo di forma quasi circolare che communicavano all'uno, e l'altro Portico.<br>3. Communicazione nel mezzo del Muro corrispondente alla Strada.<br>4. Portico semplice, che circonda tre lati dell'Arca del grande Peristilio.<br>5. Essedra nel mezzo della testa a Levante.<br>6. Stagno, o Piscina nel mezzo del Peristilio.<br>7. Portico, che dal Peristilio communicava alle Fabbriche contigue.<br>8. Sisto, o Passaggio scoperto, con Podio sull'alloggiamento delle Guardie, che riguarda la Valle, esso communicava ai Portici del Peristilio, e all'altro Portico che proseguiva.<br>9. Dieta con Essedra ornata di Nicchie, quadrate, con Passaggi in una testa del Portico doppio, e nell'Edificio circolare.<br>10. Edificio circolare con Portico ornato di Fontane per delizia; ha nel mezzo dell'Arca una Fabbrica esternamente circolare, con quattro piccoli Ponti, che passavano sopra l'Euripo, o Canale di Acqua, che scorreva tra il Portico, e la Fabbrica di mezzo.<br>11. Area quadrata, che ha in mezzo dé lati quattro Aditi, ornati innanzi di Colonne disposte in porzione di cerchio, i quali communicavano sopra i Ponticelli descritti. I Fregj di questa Fabbrica erano ornati con Bassirilievi, rappresentanti corse sopra le Acque di Mostri Marini, Genj, Vcelli,  e di altri Animali.<br>12. Cellule di trattenimento di vaga forma.<br>13. Passaggio in un Giardinetto, che ha di fronte una prospettiva ornata di Nicchie<br>14. Nicchione di contro il passaggio suddetto.<br>15. Scale che dal Giardino salivano al Poggio ed al piano di sopra del Portico rotondo.<br>16. Sostruzione del Poggio del Giardinetto.<br>17. Essedra con Nicchia, ove dal Conte Fede fù rinvenuto il Fauno di Marmo rosso, ora nel Museo Vaticano, come anche Frammenti diversi di Statue, e Marmi mischi in ogni parte di questo Edifizio. Ella é rivolta di fronte alla longa Area K. che é di fianco al Pisianatteo, che servir dovea di delizioso Giardino.<br><br>Biblioteca Greca, e Latina, sito del Conte Centini.<br>1. Biblioteca Greca a due piani, le Pareti inferiori erano dipinte a Grotteschi.<br>2. Essedra, o Sala innanzi di essa, per commodo dé Studenti. La Volta era coperta di Mosaico turchino.<br>3. Gabbinetti; in uno di essi restano nella Volta frammenti di Grotteschi.<br>4. Gradini, che dalla sottoposta Area della Biblioteca ascendevano all'Essedra indicata.<br>5. Scala, che scendeva al Giardinetto già desscritto N.<br>6. Stanze per uso, e commodo della Biblioteca.<br>7. Galleria a due piani, ha nelle teste due Tribune con Volte dipinte a Grotteschi.<br>8. Scala, che ascendeva al secondo piano.<br>9. Biblioteca Latina con Tribuna.<br>10. Sala innanzi di essa.<br>11. Scala, che dall'Area innanzi la Biblioteca, vi si saliva.<br>12. Stanze di varia figura per uso, e commodo della Biblioteca.<br>13. Scale per salire al piano superiore.<br>14. Cavedio con Peristilio di Colonne per trattenimento, e passeggio dé Studenti.<br>15. Fontana sotto un lato del Peristilio.<br>16. Passaggi di communicazione coll'Edificio circolare descritto, e nel Giardino N.<br>17. Altri passaggi a diversi luoghi.<br>18. Sostruzione, che pone in piano l'Area delle Biblioteche, ornata di portico con Nicchie.<br>19. Poggio inferiore, che conteneva un Giardino di delizia per li Studenti.<br>20. Scala, che dal Poggio inferiore saliva al Giardino.<br>21. Nicchie sotto la Scala per le Fontane.<br>22. Sostruzione intorno al Giardino.<br>23. Conserva d'Acqua con Nicchie esterne per Fontane<br>24. Altra Conserva; Ambedue soministravano Acqua al Ninfeo, ed altrove.<br>25. Corridore sotterraneo di communicazione con quelli del Ninfeo. <br> Questi Edifici delle Biblioteche sono rivolti all'aspetto del Cielo, secondo che Vetruvio nel trattato dell'Architettura distintamente descrive; dà che si conosce quando fosse degli antichi Architettori la diligenza in conservare i precetti dell'Arte, affinche, corrispondessero all'uso, e commodo già da Vecchi esperimentato in vantaggio della conservazione dé Volumi, e del lume necessario, e continuato per gli Studenti, che giornalmente leggono.<br><br>Stadio, o luogo atto per la Lotta, ed altri Esercizj per render robusto il Corpo. Sito del Conte Centini.<br>1. Parte semicircolare con Sedili per li Spettatori<br>2. Luogo per i Giudici, ed Arbitri della Corsa, e Lotta.<br>3. Portici per Lottare à coperto.<br>4. Corridore sotterraneo per passaggio alle contigue Fabbriche.<br>5. Cavedio con tre Essedre, o Emicili con Portici intorno per commodo, e trattenimento per i Studenti della Setta Stoica.<br>6. Tempio del Nume, che questi adoravano.<br>7. Porta di Communicazione al Portico del gran Peristilio.<br>8. Ingressi con Gradini nel mezzo dell'Essedre, che dall'Areà O. vi si ascendeva.<br>9. Celle negli Angoli.<br>10. Galleria, ch'era ornata di Marmi, e Bassirilievi.<br>11. Stanze nobili di trattenimento.<br>12. Sala con Colonne, e Porta, che entra nello Stadio.<br>13. Portici laterali all'Edificio.<br>14. Arca quadrata con Nicchie quadre, e curve in un lato di essa, che formavano Edicole con Colonne, e adornavano l'esterna parte dé seguenti Bagni.<br>15. Passaggio a detti Bagni dal Peristilio.<br>16. Aspetto dé medesimi.<br>17. Gradini, che dall'Area O. ascendevano all'ingressi.<br>18. Stanze di Bagni, di varia, e vaga figura, erano nobilmente ornate di Marmi coloriti, e mischi.<br>19. Stanzini per laconici apoditeri parimenti di diversa figura<br>20. Picciola Stanza semicircolare con Volta dipinta a grotteschi.<br>21. Sala principale di communicazione con in Bagni, e corrisponde al mezzo del seguente Peristilio.<br>22. Peristilio con Colonne da tre lati.<br>23. Cortili scoperti.<br>24. sostruzione al Poggio superiore P.<br>25. Muro, che racchiude i descritti Bagni<br>26. Corridore sotterraneo di communicazione alle parti della Villa. sono degne di osservazone le parti di questi Edifici per la loro bizzarra figura, e sembra che qui più d'ogn'altro siano in forma di quelli, che si vedevano in Greca, poiche i Romani altro Stadio non ebbero, che quello di Domiziano, e quello che unirono per gli Essercizj della Ginnastica nelle Terme.",,,,,,
ef131727-51f1-414e-b76a-5c57d3c1083e,,,"13. Orchestra con Pavimento a quadrati di Marmo.<br>14. Spazio innanzi al Pulpito di piano superiore all'Orchestra.<br>15. Porte sotto il Pulpito con Gradini, che siendevano nel detto spazio.<br>16. Gradini, che calavano nell'Orchestra.<br>17. Logion, o Pulpito per gli Attori.<br>18. Scena con le tre Porte ornate di quattro Colonne a due ordini, il primo di Granito ed il secondo di giallo antico.<br>19. Proscenj.<br>20. Spazio tra i Proscenj, e i gradi per i personaggj distinti, come più dapresso agli Attori.<br>21. Porte con Gradini per salirvi.<br>22. Portico dietro la Scena al piano del Pulpito, serviva per il vestiario, e trattenimento degli Attori, e superiormente per le Macchine, che aggivano nel Teatro.<br>23. Porte con Gradini a detto Portico.<br>24. Corridore sotterraneo, che dall'Orchestra del Teatro si calava nel Crittoportico in tempo di Pioggia.<br>25. Contraforti della Cavea del Teatro intorno al muro esteriore, che circonda i Gradi per sostenere la spinta di essi nel sopraterra.<br><br>Ergastulo, e Crittoportico. Era l'Ergastulo un ristretto per contenere i Schiavi destinati alle opere rustiche della Villa. Il Crittoportico era un passaggio coperto per ogni Staggione. Ambedue sono incavati nel Monte. L'Incisione di essi é distinta chiara per esser Fabbrica sotterra.<br>1. Corsia, che divide le picciole Celle, illuminata dà feritore nella Volta.<br>2. Celle, che non ricorrono di fronte l'una all'altra. Il tutto ricoperto di Stucco.<br>3. Corridore, che passa al Crittoportico.<br>4. Crittoportico illuminato nella Volta da feritore rotonde. Egli é investito di opera laterizia per difenderlo dall'umido, ed intonacato di Stucco.<br>5. Corridore sotteraneo, che communicava all'Accademia, e al Giardino Imperiale.<br>6. Altro allo Stadio, acciocché gli Spettatori si ricoverassero nel Crittoportico in tempo di Pioggia.<br>7. Stadio rustico incavato nel vivo del Monte.<br>8. Fontana con Portico in porzione di cerchio.<br>9. Conserve di Acqua per detta nel piano superiore<br>10. Tempio di Serapide con portico intorno, ed Atrio con Ale laterali.<br>11. Portico innanzi dell'Atrio.<br>12. Alberghi per coloro, che andavano agl'Oracoli<br>13. Acquedotto, che traversa la Valle.<br>14. Sostruzione al Poggio, e muri rovinati.<br><br>Liceo, Il Liceo era uno dé Ginnansj presso la Città d'Atene, ornato di Portici spaziosi in mezzo di piantaggioni di Platoni, e di Giardini, ove Aristotile soleva passeggiando insegnare la sua Filosofia, per la qual cosa vennero i suoi seguaci, denominati Filosofi Peripatetici.<br>1. Gran Portico doppio diviso da lungo Muro con teste formate di due essedre per commodo di sedersi, e riposarsi, e medesime davano il passaggio da un portico, all'altro.<br>2. Avanzi delle Abitazioni del Liceo, che due secoli, e mezzo fà il Ligorio osservò esistenti i Fornelli, e l'Ipocausti per Bagni.<br>3. Sorgente del rivo chiamato Acqua Ferrata.<br>4. Rovine di Portici sotterranei, ora pieni di Acqua.<br>5. Spazio dei grandi Giardini.<br>6. Muri rovinati.<br>7. Edificio quadrato, con fornice rovinato.<br>8. Prospettiva di Fontane, ornate di Pomici, e Tartari, sopra cui passava un'Acquedotto.<br>9. Acquedotto sopra Archi, e Muri, che sostenavano il Poggio B.B. de' Giardini.<br>10. Muri, sopra dé quali passava la diramazione del detto Acquedotto.<br>11. Rovine dé Muri.<br>12. Altre di un Edificio, che non sene scorge l'uso.<br>13. Rovine di un'altro Acquedotto.<br>14. Muri rovinati nel Poggio più basso.<br><br>Pritaneo, ovvero luogo della Villa Imperiale cosi detto a similitudine di quello di Atene, ove si radunavano i Senatori, e si facevano i Conviti publici in allegrezza dé grandi avvenimenti. Questa parte della Villa é la più alta di tutto il Colle, ed e' ora denominata li Colli di Santo Stefano.<br>1. Peristilio ornato di Colonne scoperte nell'ultima Cava fatta dal De Angelis.<br>2. Fontana di bizzarra, é vaga forma nel mezzo di un lato del Peristilio, con cascata di Acqua intonacata di Marmi scoperti nella cava suddetta.<br>3. Stanze laterali alla medesima.<br>4. Corridore con Volta sostenuta da Piloni.<br>5. Essedra quadrata nel fondo del detto, con quattro Nicchioni per sedili.<br>6. Conclavi in un lato del Peristilio.<br>7. Portico triplice nel piano inferiore del Peristilio: Formava la sostruzione del medesimo, ed avea sopra un sisto a passeggio scoperto, che pareggiava al piano del Peristilio.<br>8. Fondo di un lato del triplice Portico chiuso, ed illuminato da Fenestre, in esso ancora restano Pitture a Grotteschi, che formano diversi riquadri, ne quali sono figurati alcuni Poeti Greci sedenti, con proprj nomi scritti di sopra.<br>9. Luoghi ove esistono i riquadri dé grotteschi, e l'incassi dé Bassirilievi frapostivi, che hanno in testa i cartelli, ne quali erano scritti i nomi delli Scultori, o la rappresentazione, dé soggetti scolpiti.<br>10. Corridore con contraforti di sostruzione, per communicazione al seguente Anfiteatro.<br>11. Anfiteatro diruto, del quale non esiste, che porzione dé Muri, che reggevano le Volte dei Gradi; ed interamente resta quello, che cingeva l'Area, la forma di esso non é ovale, come gli altri Anfiteatri antichi.<br>12. Triclinio magnifico, o Salone da mangiare ornato di Colonne.<br>13. Rovine di Edificio contiguo al detto.<br>14. Abitazioni del Pritaneo.<br>15. Peristilio con Portico innanzi.<br>16. Oecj, o Sale ornate di Colonne.<br>17. Sostruzione al Poggio del triplice Portico del Pritaneo.<br>18. Avanzi di un Portico doppio a Pilastri molto rovinato.<br>19. Piscina incavata nel Colle con Scale per scendervi; i suoi Muri sono intonacati di opera signina, cioé di coccio pisto per reggere l'Acqua, la quale vi ha lassato un grosso Tartaro.<br>20. Corpo di Fabbrica nobile affatto rovinato, questo terreno essendo ridotto a Campo, sovente l'Aratro scopre i suoi Pavimenti fatti a Mosaico. <br><br>Avvertimento al Lettore<br>Esibisce questa Pianta l'aggregato delle Fabbriche esistenti sopra un Colle disteso, e vario di Poggj della magnifica gran Villa edificata dall'Imperadore P. Elio Adriano, la quale dal suo nome fù chiamata Elia, e dal territorio di Tivoli Tiburtina. Le Fabbriche sono ritratte dal piano di ogni Poggio sopra quali s'inalzano. Elleno furono intitolate con nomi celebri dé luoghi maravigliosi delle provincie dell'Impero Romano, Come attesta Sparziano nella Vita di questo Imperadore: ""Tiburtinam Villam miré exaedificavit ita ut in ea, et provinciarum, et locorum celeberrima nomina inscriberet: velut Lijceum, Academia, Prijtaneum, Canopum, Poecilem Tempe vocaret"" Ed ogni qualvolta era sfacendato vi andava a Villeggiare, e secondo il costume dei Ricchi felici, vi Fabbricava Palazzi prendeva cura dé posti delle Statue, e delle Pitture. Ecco le proprie parole di Aurelio Vittore: ""Deinde, uti solet tranquillis rebus remissior; Rus proprium Tibur secessi, ipse uti beatis locupletibus mos, Palatia extraere, curare Epulas, Signa, Tabulas pictas: postremo omnia satis anxie prospicere, quae luxus lasciviaeque essent"" Soggiunge l'addotto Sparziano: ""et ut nihil praetermitter etiam Inferes finxit."" Occupa questa Pianta diverse Fabbriche esistenti un Colle disteso da Tramontana a Mezzo giorno, che ha di lungehzza circa tre mila passi, di larghezza un settimo nella più distesa, parte: l'uno de lati della sua lunghezza é rivolto a Levante, e l'altro a Ponente verso la Campagna di Roma. Il sito denominato Tempe, e gli Inferi, come anche quello per le Selve, e Parchi degli Animali, dovea esser molto maggiore di quello immaginato intorno alle ritratte Fabbriche. In una Pianta generale, a parte si daranno gli Edifizj, che s'incontrano in questa parte dell'Agro Tiburtino. E per piena intelligenza di questa superbissima Villa, si incideranno le parte in grande di alcuni Edifizj, come altresi un'altra Pianta delle Fabbriche, che investono il Monte, unitamente ai suoi sotterranei, i quali soltanto qui sono accennati con punti per non confonderli colle Fabbriche, che gli sono sopraposte. Conviene per fine persuadersi, che gli Edifizj di questa Villa superavano ogn'altro tanto per la magnificenza, che per l'ornamento, e per la loro vaga, e bizzarra figura: Dalle quali cose molto possono profittare, i Professori di Architettura.<br>Nel basso della Pianta sono incise le iscrizioni dé bolli dé Mattoni, che sono contrasegnate con asterisco.＊",,,,,,
2b955894-4b43-490c-908a-62aa2c621aac,,,Cérès ou l'Eté: sa tête est couronnée d'épis: elle tient une corne d'abondance..........<BR>Tirés de la Galerie d'Altoviti.,,,,,,
3a21b0dc-bc95-4169-a4dd-ecfe592b7519,,,,,"Vue de toutes les Boutiques de droite et de gouche de la rue, prise vis-à-vis la Porte de la Ville de Pompeia. On découvre en premier la Maison du Chirurgien.",,,,
44921e87-b0f0-461e-b52f-ed1a9567e552,,,,,Plan de deux Atrium toscans et Pluviatum de Vitruve adaptés à diverses Cours des maisons vis-à-vis celle du Chirurgien é Pompeïa.,,,,
